,CT_id,slice_start,slice_stop,img_shape_z,img_shape_xy,img_spacing_x,img_spacing_y,img_spacing_z
0,10_T1DUAL_DICOM_anon_InPhase_img,0,15,55,485,1,1,5
0,10_T1DUAL_DICOM_anon_OutPhase_img,0,25,50,256,1.89453125,1.89453125,5.5
0,10_T2SPIR_DICOM_anon_img,0,21,36,256,1.69921875,1.69921875,7.69999980926514
0,11_T1DUAL_InPhase_img,0,9,26,256,1.81640625,1.81640625,9
0,11_T1DUAL_OutPhase_img,0,13,26,256,1.81640625,1.81640625,9
0,11_T2SPIR_img,0,8,26,256,1.77734375,1.77734375,9
0,12_T1DUAL_InPhase_img,0,7,40,256,1.89453125,1.89453125,5.5
0,12_T1DUAL_OutPhase_img,0,10,40,256,1.89453125,1.89453125,5.5
0,12_T2SPIR_img,0,14,36,256,1.54296875,1.54296875,7.69999980926514
